{
    "name": "root",
    "gauges": {
        "CarAgent.Policy.Entropy.mean": {
            "value": 1.4204035997390747,
            "min": 1.4204035997390747,
            "max": 1.4204035997390747,
            "count": 1
        },
        "CarAgent.Policy.Entropy.sum": {
            "value": 70906.546875,
            "min": 70906.546875,
            "max": 70906.546875,
            "count": 1
        },
        "CarAgent.Step.mean": {
            "value": 49984.0,
            "min": 49984.0,
            "max": 49984.0,
            "count": 1
        },
        "CarAgent.Step.sum": {
            "value": 49984.0,
            "min": 49984.0,
            "max": 49984.0,
            "count": 1
        },
        "CarAgent.Policy.ExtrinsicValueEstimate.mean": {
            "value": -0.056874971836805344,
            "min": -0.056874971836805344,
            "max": -0.056874971836805344,
            "count": 1
        },
        "CarAgent.Policy.ExtrinsicValueEstimate.sum": {
            "value": -44.476226806640625,
            "min": -44.476226806640625,
            "max": -44.476226806640625,
            "count": 1
        },
        "CarAgent.Environment.EpisodeLength.mean": {
            "value": 9999.0,
            "min": 9999.0,
            "max": 9999.0,
            "count": 1
        },
        "CarAgent.Environment.EpisodeLength.sum": {
            "value": 39996.0,
            "min": 39996.0,
            "max": 39996.0,
            "count": 1
        },
        "CarAgent.Environment.CumulativeReward.mean": {
            "value": -98.82081127527636,
            "min": -98.82081127527636,
            "max": -98.82081127527636,
            "count": 1
        },
        "CarAgent.Environment.CumulativeReward.sum": {
            "value": -395.2832451011054,
            "min": -395.2832451011054,
            "max": -395.2832451011054,
            "count": 1
        },
        "CarAgent.Policy.ExtrinsicReward.mean": {
            "value": -98.82081127527636,
            "min": -98.82081127527636,
            "max": -98.82081127527636,
            "count": 1
        },
        "CarAgent.Policy.ExtrinsicReward.sum": {
            "value": -395.2832451011054,
            "min": -395.2832451011054,
            "max": -395.2832451011054,
            "count": 1
        },
        "CarAgent.Losses.PolicyLoss.mean": {
            "value": 0.024789910357503685,
            "min": 0.024789910357503685,
            "max": 0.024789910357503685,
            "count": 1
        },
        "CarAgent.Losses.PolicyLoss.sum": {
            "value": 0.09915964143001474,
            "min": 0.09915964143001474,
            "max": 0.09915964143001474,
            "count": 1
        },
        "CarAgent.Losses.ValueLoss.mean": {
            "value": 0.056365482074519,
            "min": 0.056365482074519,
            "max": 0.056365482074519,
            "count": 1
        },
        "CarAgent.Losses.ValueLoss.sum": {
            "value": 0.225461928298076,
            "min": 0.225461928298076,
            "max": 0.225461928298076,
            "count": 1
        },
        "CarAgent.Policy.LearningRate.mean": {
            "value": 0.00028453920515359994,
            "min": 0.00028453920515359994,
            "max": 0.00028453920515359994,
            "count": 1
        },
        "CarAgent.Policy.LearningRate.sum": {
            "value": 0.0011381568206143998,
            "min": 0.0011381568206143998,
            "max": 0.0011381568206143998,
            "count": 1
        },
        "CarAgent.Policy.Epsilon.mean": {
            "value": 0.1948464,
            "min": 0.1948464,
            "max": 0.1948464,
            "count": 1
        },
        "CarAgent.Policy.Epsilon.sum": {
            "value": 0.7793856,
            "min": 0.7793856,
            "max": 0.7793856,
            "count": 1
        },
        "CarAgent.Policy.Beta.mean": {
            "value": 0.004742835360000001,
            "min": 0.004742835360000001,
            "max": 0.004742835360000001,
            "count": 1
        },
        "CarAgent.Policy.Beta.sum": {
            "value": 0.018971341440000004,
            "min": 0.018971341440000004,
            "max": 0.018971341440000004,
            "count": 1
        },
        "CarAgent.IsTraining.mean": {
            "value": 1.0,
            "min": 1.0,
            "max": 1.0,
            "count": 1
        },
        "CarAgent.IsTraining.sum": {
            "value": 1.0,
            "min": 1.0,
            "max": 1.0,
            "count": 1
        }
    },
    "metadata": {
        "timer_format_version": "0.1.0",
        "start_time_seconds": "1773173785",
        "python_version": "3.10.12 | packaged by Anaconda, Inc. | (main, Jul  5 2023, 19:01:18) [MSC v.1916 64 bit (AMD64)]",
        "command_line_arguments": "C:\\Users\\logan\\miniconda3\\envs\\MlUNity\\Scripts\\mlagents-learn --run-id=AICar2 --resume",
        "mlagents_version": "1.2.0.dev0",
        "mlagents_envs_version": "1.2.0.dev0",
        "communication_protocol_version": "1.5.0",
        "pytorch_version": "2.10.0+cu128",
        "numpy_version": "1.23.5",
        "end_time_seconds": "1773175372"
    },
    "total": 1587.2126592000131,
    "count": 1,
    "self": 0.012451599992346019,
    "children": {
        "run_training.setup": {
            "total": 0.029090200026985258,
            "count": 1,
            "self": 0.029090200026985258
        },
        "TrainerController.start_learning": {
            "total": 1587.1711173999938,
            "count": 1,
            "self": 2.7420339001109824,
            "children": {
                "TrainerController._reset_env": {
                    "total": 9.24222399998689,
                    "count": 1,
                    "self": 9.24222399998689
                },
                "TrainerController.advance": {
                    "total": 1574.0904775998788,
                    "count": 80154,
                    "self": 2.5019674110226333,
                    "children": {
                        "env_step": {
                            "total": 1534.3035794947646,
                            "count": 80154,
                            "self": 1133.600484796043,
                            "children": {
                                "SubprocessEnvManager._take_step": {
                                    "total": 398.8326151018264,
                                    "count": 80154,
                                    "self": 8.367945900070481,
                                    "children": {
                                        "TorchPolicy.evaluate": {
                                            "total": 390.4646692017559,
                                            "count": 80154,
                                            "self": 390.4646692017559
                                        }
                                    }
                                },
                                "workers": {
                                    "total": 1.8704795968951657,
                                    "count": 80153,
                                    "self": 0.0,
                                    "children": {
                                        "worker_root": {
                                            "total": 1512.935153906059,
                                            "count": 80153,
                                            "is_parallel": true,
                                            "self": 587.163725707389,
                                            "children": {
                                                "steps_from_proto": {
                                                    "total": 0.0004605000140145421,
                                                    "count": 1,
                                                    "is_parallel": true,
                                                    "self": 0.00017929996829479933,